,Datetime,Open,High,Low,Close,Volume,ema_5,ema_13,ema_26_x,ema_50,has_cross,TR,ATR_10,ST_10_1.5,STX_10_1.5,ema_12,ema_26_y,macd_12_26_9,signal_12_26_9,hist_12_26_9,macd_cross,signal
0,2023-03-17T09:15:00,157.3,171.55,143.9,147.4,6669700,,,,,,34.55000000000001,0.0,0.0,nan,0.0,0.0,0.0,0.0,0.0,down,
1,2023-03-17T09:20:00,146.55,155.6,139.4,148.6,4350950,,,,,,34.55000000000001,0.0,0.0,nan,0.0,0.0,0.0,0.0,0.0,down,
2,2023-03-17T09:25:00,147.9,155.4,137.0,146.65,3900550,,,,,,34.55000000000001,0.0,0.0,nan,0.0,0.0,0.0,0.0,0.0,down,
3,2023-03-17T09:30:00,148.45,150.65,127.3,129.85,2886050,,,,,,27.950000000000003,0.0,0.0,nan,0.0,0.0,0.0,0.0,0.0,down,
4,2023-03-17T09:35:00,130.85,134.3,123.15,130.55,2387550,140.60999999999999,,,,,27.950000000000003,0.0,0.0,nan,0.0,0.0,0.0,0.0,0.0,down,
5,2023-03-17T09:40:00,130.15,137.1,122.7,123.85,2128300,135.0233333333333,,,,,27.950000000000003,0.0,0.0,nan,0.0,0.0,0.0,0.0,0.0,down,
6,2023-03-17T09:45:00,123.05,128.5,119.35,126.25,2468650,132.09888888888887,,,,,25.55000000000001,0.0,0.0,nan,0.0,0.0,0.0,0.0,0.0,down,
7,2023-03-17T09:50:00,125.6,140.4,125.4,139.0,2806100,134.39925925925925,,,,,25.55000000000001,0.0,0.0,nan,0.0,0.0,0.0,0.0,0.0,down,
8,2023-03-17T09:55:00,139.2,139.35,114.85,114.85,2702850,127.88283950617283,,,,,25.55000000000001,0.0,0.0,nan,0.0,0.0,0.0,0.0,0.0,down,
9,2023-03-17T10:00:00,115.25,123.3,114.45,122.5,2383750,126.08855967078189,,,,,16.950000000000003,0.0,0.0,nan,0.0,0.0,0.0,0.0,0.0,down,
10,2023-03-17T10:05:00,123.45,126.0,117.55,123.4,1744400,125.1923731138546,,,,,16.950000000000003,0.0,0.0,nan,0.0,0.0,0.0,0.0,0.0,down,
11,2023-03-17T10:10:00,122.5,131.4,121.45,130.3,1948250,126.8949154092364,,,,,16.950000000000003,0.0,0.0,nan,0.0,0.0,0.0,0.0,0.0,down,
12,2023-03-17T10:15:00,130.15,140.45,129.4,129.4,3094250,127.7299436061576,131.73846153846154,,,,18.64999999999999,0.0,0.0,nan,0.0,0.0,0.0,0.0,0.0,down,
13,2023-03-17T10:20:00,129.85,137.65,126.15,129.2,1638300,128.21996240410508,131.37582417582416,,,,18.64999999999999,0.0,0.0,nan,0.0,0.0,0.0,0.0,0.0,down,
14,2023-03-17T10:25:00,127.0,134.45,121.8,127.15,1907200,127.86330826940339,130.77213500784927,,,,18.64999999999999,0.0,0.0,nan,0.0,0.0,0.0,0.0,0.0,down,
15,2023-03-17T10:30:00,126.9,139.35,125.45,126.4,2942400,127.37553884626892,130.14754429244223,,,,22.0,0.0,0.0,nan,0.0,0.0,0.0,0.0,0.0,down,
16,2023-03-17T10:35:00,126.3,131.55,119.25,119.45,1719850,124.73369256417928,128.6193236792362,,,,22.0,0.0,0.0,nan,0.0,0.0,0.0,0.0,0.0,down,
17,2023-03-17T10:40:00,117.35,127.3,117.35,121.7,1361200,123.72246170945286,127.63084886791674,,,,22.0,0.0,0.0,nan,0.0,0.0,0.0,0.0,0.0,down,
18,2023-03-17T10:45:00,121.75,125.4,116.2,119.2,1176900,122.21497447296858,126.42644188678578,,,,12.75,0.0,0.0,nan,0.0,0.0,0.0,0.0,0.0,down,
19,2023-03-17T10:50:00,119.35,120.4,112.7,119.7,2102800,121.37664964864572,125.46552161724496,,,,12.75,0.0,0.0,nan,0.0,0.0,0.0,0.0,0.0,down,
20,2023-03-17T10:55:00,119.85,125.45,116.5,121.6,1375600,121.45109976576381,124.91330424335283,,,,12.75,0.0,0.0,nan,0.0,0.0,0.0,0.0,0.0,down,
21,2023-03-17T11:00:00,121.25,125.9,117.3,117.3,1352450,120.06739984384254,123.82568935144528,,,,18.650000000000006,0.0,0.0,nan,0.0,0.0,0.0,0.0,0.0,down,
22,2023-03-17T11:05:00,117.15,119.3,113.6,113.6,1206050,117.91159989589502,122.36487658695309,,,,18.650000000000006,0.0,0.0,nan,0.0,0.0,0.0,0.0,0.0,down,
23,2023-03-17T11:10:00,113.25,115.35,107.25,108.9,2166150,114.90773326393001,120.44132278881693,,,,18.650000000000006,0.0,0.0,nan,0.0,0.0,0.0,0.0,0.0,down,
24,2023-03-17T11:15:00,108.65,113.2,105.15,106.05,1756800,111.95515550928667,118.38541953327166,,,,12.0,0.0,0.0,nan,0.0,0.0,0.0,0.0,0.0,down,
25,2023-03-17T11:20:00,105.55,109.45,103.1,109.45,1758100,111.12010367285778,117.10893102851857,125.08846153846153,,,12.0,0.0,0.0,nan,0.0,0.0,0.0,0.0,0.0,down,
26,2023-03-17T11:25:00,109.35,115.1,105.55,107.8,1650700,110.01340244857185,115.77908373873021,123.80783475783475,,,12.0,0.0,0.0,nan,0.0,0.0,0.0,0.0,0.0,down,
27,2023-03-17T11:30:00,107.7,108.55,98.5,100.45,1839650,106.82560163238124,113.58921463319732,122.07762477577292,,,13.299999999999997,20.235000000000003,0.0,nan,0.0,0.0,0.0,0.0,0.0,down,
28,2023-03-17T11:35:00,100.65,101.25,96.85,97.95,1749750,103.86706775492082,111.35504111416913,120.29039331090085,,,13.299999999999997,20.235000000000003,0.0,nan,0.0,0.0,0.0,0.0,0.0,down,
29,2023-03-17T11:40:00,97.5,102.7,95.25,101.95,1819150,103.22804516994722,110.01146381214497,118.93184565824153,,,13.299999999999997,20.235000000000003,0.0,nan,0.0,0.0,0.0,0.0,0.0,down,
30,2023-03-17T11:45:00,101.75,107.1,99.65,100.55,2329200,102.33536344663148,108.65982612469568,117.57022746133475,,,16.89999999999999,19.901500000000002,137.95225,down,0.0,0.0,0.0,0.0,0.0,down,
31,2023-03-17T11:50:00,100.05,112.2,100.0,112.2,1860550,105.62357563108765,109.16556524973916,117.17243283456922,,,16.89999999999999,19.901500000000002,137.95225,down,0.0,0.0,0.0,0.0,0.0,down,
32,2023-03-17T11:55:00,111.75,116.55,109.95,115.05,2515550,108.76571708739176,110.00619878549071,117.0152155875641,,,16.89999999999999,19.901500000000002,137.95225,down,0.0,0.0,0.0,0.0,0.0,down,
33,2023-03-17T12:00:00,115.2,121.55,106.95,108.4,2577350,108.64381139159451,109.7767418161349,116.37705146996676,,,32.89999999999999,21.20135,136.90202499999998,down,0.0,0.0,0.0,0.0,0.0,down,
34,2023-03-17T12:05:00,108.0,110.95,92.95,92.95,3143550,103.41254092772968,107.37292155668706,114.64171432404329,,,32.89999999999999,21.20135,136.90202499999998,down,0.0,0.0,0.0,0.0,0.0,down,
35,2023-03-17T12:10:00,93.0,96.55,88.65,92.55,2610050,99.79169395181978,105.25536133430319,113.00529104078083,,,32.89999999999999,21.20135,136.90202499999998,down,0.0,0.0,0.0,0.0,0.0,down,
36,2023-03-17T12:15:00,92.3,95.0,88.25,90.5,1956100,96.69446263454653,103.14745257225988,111.33823244516744,,,8.450000000000003,19.926215,120.6643225,down,0.0,0.0,0.0,0.0,0.0,down,
37,2023-03-17T12:20:00,89.9,92.0,86.55,90.75,1991600,94.71297508969768,101.3763879190799,109.81317818996985,,,8.450000000000003,19.926215,120.6643225,down,0.0,0.0,0.0,0.0,0.0,down,
38,2023-03-17T12:25:00,90.65,94.4,89.5,92.85,1344650,94.09198339313178,100.15833250206849,108.5566464721943,,,8.450000000000003,19.926215,120.6643225,down,0.0,0.0,0.0,0.0,0.0,down,
39,2023-03-17T12:30:00,92.4,97.85,90.6,90.6,1639200,92.92798892875452,98.79285643034441,107.22652451129102,,,9.299999999999997,18.8635935,120.6643225,down,0.0,0.0,0.0,0.0,0.0,down,
40,2023-03-17T12:35:00,90.8,96.5,88.55,93.7,1144250,93.185325952503,98.06530551172378,106.22455973267687,,,9.299999999999997,18.8635935,120.6643225,down,0.0,0.0,0.0,0.0,0.0,down,
41,2023-03-17T12:40:00,93.95,97.0,91.9,93.7,808400,93.35688396833534,97.44169043862038,105.2968145672934,,,9.299999999999997,18.8635935,120.6643225,down,0.0,0.0,0.0,0.0,0.0,down,
42,2023-03-17T12:45:00,93.6,103.65,93.45,103.25,2085550,96.65458931222356,98.2714489473889,105.14519867341981,,,12.900000000000006,18.26723415,120.6643225,down,0.0,0.0,0.0,0.0,0.0,down,
43,2023-03-17T12:50:00,103.6,105.65,92.75,93.95,1621400,95.75305954148237,97.65409909776191,104.31592469761094,,,12.900000000000006,18.26723415,120.6643225,down,0.0,0.0,0.0,0.0,0.0,down,
44,2023-03-17T12:55:00,93.65,98.4,92.95,94.25,838900,95.25203969432158,97.16779922665307,103.57030064593606,,,12.900000000000006,18.26723415,120.6643225,down,0.0,0.0,0.0,0.0,0.0,down,
45,2023-03-17T13:00:00,94.25,95.45,82.85,86.2,1677600,92.23469312954772,95.60097076570264,102.28361170920006,,,14.550000000000011,17.895510735000002,116.9682661025,down,0.0,0.0,0.0,0.0,0.0,down,
46,2023-03-17T13:05:00,85.85,96.4,85.85,94.05,1520050,92.83979541969848,95.37940351345941,101.67371454555561,,,14.550000000000011,17.895510735000002,116.9682661025,down,0.0,0.0,0.0,0.0,0.0,down,
47,2023-03-17T13:10:00,94.2,97.4,90.35,95.45,1015100,93.70986361313231,95.38948872582235,101.21269865329224,,,14.550000000000011,17.895510735000002,116.9682661025,down,0.0,0.0,0.0,0.0,0.0,down,
48,2023-03-17T13:15:00,94.65,100.65,90.7,93.95,1859550,93.78990907542155,95.1838474792763,100.67472097527059,,,12.200000000000003,17.3259596615,116.9682661025,down,0.0,0.0,0.0,0.0,0.0,down,
49,2023-03-17T13:20:00,93.5,100.45,91.95,96.05,1144950,94.5432727169477,95.3075835536654,100.33214905117647,111.82799999999999,down,12.200000000000003,17.3259596615,116.9682661025,down,0.0,0.0,0.0,0.0,0.0,down,Sell
50,2023-03-17T13:25:00,96.6,102.9,94.3,98.05,1227250,95.71218181129846,95.6993573317132,100.16310097331154,111.2876862745098,,12.200000000000003,17.3259596615,116.9682661025,down,0.0,0.0,0.0,0.0,0.0,down,
51,2023-03-17T13:30:00,98.05,107.5,96.65,105.2,2321000,98.87478787419897,97.05659199861131,100.5362046049181,111.04895347943098,,14.0,16.993363695350002,116.9682661025,down,0.0,0.0,0.0,0.0,0.0,down,
52,2023-03-17T13:35:00,105.5,110.65,101.1,104.2,1931250,100.64985858279931,98.07707885595255,100.80759685640565,110.7803670684729,,14.0,16.993363695350002,116.9682661025,down,0.0,0.0,0.0,0.0,0.0,down,
53,2023-03-17T13:40:00,104.2,109.65,98.45,99.2,1861950,100.16657238853287,98.23749616224504,100.68851560778302,110.32623502657201,,14.0,16.993363695350002,116.9682661025,down,0.0,0.0,0.0,0.0,0.0,down,
54,2023-03-17T13:45:00,99.3,115.15,99.3,112.1,2979400,104.14438159235524,100.21785385335289,101.53381074794724,110.39579443729467,,40.64999999999999,19.359027325815,90.53645901127749,up,0.0,0.0,0.0,0.0,0.0,down,
55,2023-03-17T13:50:00,112.7,131.3,112.5,129.65,3815750,112.6462543949035,104.42244616001676,103.61649143328448,111.15086132210664,,40.64999999999999,19.359027325815,90.53645901127749,up,0.0,0.0,0.0,0.0,0.0,down,
56,2023-03-17T13:55:00,130.25,139.85,128.3,128.8,3847850,118.030836263269,107.90495385144294,105.48193651230045,111.84298440751422,,40.64999999999999,19.359027325815,90.53645901127749,up,0.0,0.0,0.0,0.0,0.0,down,
57,2023-03-17T14:00:00,129.5,134.7,121.1,131.8,2805400,122.620557508846,111.31853187266537,107.43142269657449,112.62561246996465,,19.400000000000006,19.3631245932335,98.30531311014975,up,0.0,0.0,0.0,0.0,0.0,down,
58,2023-03-17T14:05:00,131.65,137.05,125.05,132.05,2625850,125.76370500589734,114.28017017657032,109.25502101534674,113.38735315741702,,19.400000000000006,19.3631245932335,98.30531311014975,up,0.0,0.0,0.0,0.0,0.0,down,
59,2023-03-17T14:10:00,131.5,133.8,117.65,124.05,2107800,125.19247000393156,115.67586015134599,110.35094538458031,113.80549617085165,,19.400000000000006,19.3631245932335,98.30531311014975,up,0.0,0.0,0.0,0.0,0.0,down,
60,2023-03-17T14:15:00,124.05,127.3,112.55,113.35,1848350,121.24498000262103,115.34359441543941,110.5730975783151,113.78763357591629,,33.2,20.74681213391015,98.30531311014975,up,0.0,0.0,0.0,0.0,0.0,down,
61,2023-03-17T14:20:00,113.0,114.15,99.3,101.0,2762400,114.4966533350807,113.29450949894807,109.86397923918065,113.28615774940977,,33.2,20.74681213391015,98.30531311014975,up,0.0,0.0,0.0,0.0,0.0,down,
62,2023-03-17T14:25:00,100.55,102.1,94.1,99.85,2692200,109.61443555672047,111.37386528481264,109.12220299924134,112.75924960237408,,33.2,20.74681213391015,98.30531311014975,up,0.0,0.0,0.0,0.0,0.0,down,
63,2023-03-17T14:30:00,100.25,123.2,100.2,122.4,4034900,113.87629037114698,112.94902738698227,110.10574351781605,113.13731824541824,,29.650000000000006,21.637130920519137,98.30531311014975,up,0.0,0.0,0.0,0.0,0.0,down,
64,2023-03-17T14:35:00,123.7,129.5,114.35,115.45,3753700,114.40086024743132,113.30630918884194,110.5016143683482,113.2280116475587,,29.650000000000006,21.637130920519137,98.30531311014975,up,0.0,0.0,0.0,0.0,0.0,down,
65,2023-03-17T14:40:00,115.5,121.25,110.45,119.0,2563200,115.93390683162089,114.11969359043594,111.13112441513722,113.45436413196816,,29.650000000000006,21.637130920519137,98.30531311014975,up,0.0,0.0,0.0,0.0,0.0,down,
66,2023-03-17T14:45:00,119.3,123.35,109.35,113.65,2011000,115.17260455441392,114.05259450608796,111.31770779179372,113.46203612679294,,39.55000000000001,23.428417828467225,98.30531311014975,up,112.6875,0.0,0.0,0.0,0.0,down,
67,2023-03-17T14:50:00,114.1,124.35,102.0,123.7,3319100,118.01506970294261,115.43079529093254,112.23491462203123,113.86352490613439,,39.55000000000001,23.428417828467225,98.30531311014975,up,112.6875,0.0,0.0,0.0,0.0,down,
68,2023-03-17T14:55:00,123.1,141.55,118.7,135.65,5371450,123.89337980196174,118.3192531065136,113.96936539076965,114.71789647844284,,39.55000000000001,23.428417828467225,98.30531311014975,up,112.6875,0.0,0.0,0.0,0.0,down,
69,2023-03-17T15:00:00,138.6,144.3,118.4,131.1,5481300,126.29558653464116,120.14507409129737,115.23830128774968,115.36033191066076,,30.099999999999994,24.095576045620504,98.30531311014975,up,112.6875,0.0,0.0,0.0,0.0,down,
70,2023-03-17T15:05:00,132.2,144.85,120.6,144.75,4087950,132.44705768976078,123.66006350682632,117.42435304421267,116.51286791416426,up,30.099999999999994,24.095576045620504,98.30531311014975,up,112.6875,0.0,0.0,0.0,0.0,down,
71,2023-03-17T15:10:00,144.85,148.5,135.65,141.6,3491900,135.49803845984053,126.2229115772797,119.21514170760432,117.49667701556959,up,30.099999999999994,24.095576045620504,98.30531311014975,up,112.6875,0.0,0.0,0.0,0.0,down,
72,2023-03-17T15:15:00,141.0,144.5,126.9,129.6,2371250,133.53202563989367,126.70535278052546,119.984390470004,117.97131713260607,up,20.900000000000006,23.776018441058454,98.38597233841233,up,117.19711538461539,0.0,0.0,0.0,0.0,down,
73,2023-03-17T15:20:00,129.9,135.95,123.6,135.5,2293950,134.18801709326246,127.96173095473611,121.13369487963334,118.65871646073917,up,20.900000000000006,23.776018441058454,98.38597233841233,up,117.19711538461539,0.0,0.0,0.0,0.0,down,
74,2023-03-17T15:25:00,135.3,143.5,129.7,142.0,2440700,136.7920113955083,129.96719796120237,122.67934711077162,119.5740609132592,up,20.900000000000006,23.776018441058454,98.38597233841233,up,117.19711538461539,0.0,0.0,0.0,0.0,down,
75,2023-03-17T15:30:00,142.0,142.0,142.0,142.0,1050,138.52800759700554,131.6861696810306,124.1105065840478,120.45350950489609,up,0.0,21.39841659695261,109.90237510457109,up,117.19711538461539,0.0,0.0,0.0,0.0,down,
76,2023-03-20T09:15:00,101.05,101.05,65.75,70.1,7019150,115.71867173133703,122.88814544088338,120.10972831856277,118.47886207333154,,80.85,27.34357493725735,122.11536240588602,down,107.81294378698226,0.0,0.0,0.0,0.0,down,
77,2023-03-20T09:20:00,68.75,72.2,61.15,69.0,5525550,100.14578115422468,115.1898389493286,116.32382251718775,116.53851454104402,down,80.85,27.34357493725735,122.11536240588602,down,107.81294378698226,0.0,0.0,0.0,0.0,down,Sell
78,2023-03-20T09:25:00,68.25,72.85,62.6,63.05,3956800,87.78052076948312,107.74129052799594,112.37761344184051,114.44092573551289,down,80.85,27.34357493725735,122.11536240588602,down,107.81294378698226,0.0,0.0,0.0,0.0,down,Sell
79,2023-03-20T09:30:00,63.0,64.55,57.2,59.4,3086200,78.32034717965541,100.83539188113937,108.45334577948195,112.28245805961042,down,8.449999999999996,25.454217443531615,98.50632616529742,down,107.81294378698226,0.0,0.0,0.0,0.0,down,Sell
80,2023-03-20T09:35:00,58.9,64.35,56.1,62.0,2623250,72.8802314531036,95.28747875526231,105.01235720322403,110.31059695923354,down,8.449999999999996,25.454217443531615,98.50632616529742,down,107.81294378698226,0.0,0.0,0.0,0.0,down,Sell
81,2023-03-20T09:40:00,60.5,63.1,56.2,56.2,2457400,67.32015430206907,89.70355321879627,101.39662704002225,108.18861276475378,down,8.449999999999996,25.454217443531615,98.50632616529742,down,107.81294378698226,0.0,0.0,0.0,0.0,down,Sell
82,2023-03-20T09:45:00,56.1,61.6,55.15,58.9,1795350,64.51343620137938,85.30304561611109,98.24872874076135,106.25572598966541,down,15.649999999999999,24.473795699178456,90.4856935487677,down,98.21864474283115,0.0,0.0,0.0,0.0,down,Sell
83,2023-03-20T09:50:00,59.4,61.1,52.35,53.65,1814750,60.89229080091958,80.78118195666664,94.94511920440866,104.19275634301187,down,15.649999999999999,24.473795699178456,90.4856935487677,down,98.21864474283115,0.0,0.0,0.0,0.0,down,Sell
84,2023-03-20T09:55:00,53.2,54.35,45.95,46.5,3098000,56.09486053394639,75.88387024857141,91.35659185593394,101.93029530995258,down,15.649999999999999,24.473795699178456,90.4856935487677,down,98.21864474283115,0.0,0.0,0.0,0.0,down,Sell
85,2023-03-20T10:00:00,45.6,50.5,45.55,49.4,1980300,53.86324035596426,72.10046021306121,88.2486961629018,99.87028372917013,down,7.200000000000003,22.74641612926061,81.0196241938909,down,98.21864474283115,0.0,0.0,0.0,0.0,down,Sell
86,2023-03-20T10:05:00,49.3,49.55,45.35,45.8,1399600,51.175493570642836,68.34325161119533,85.10434829898314,97.74988044567326,down,7.200000000000003,22.74641612926061,81.0196241938909,down,98.21864474283115,0.0,0.0,0.0,0.0,down,Sell
87,2023-03-20T10:10:00,45.6,47.4,43.3,45.45,1895400,49.266995713761894,65.07278709531028,82.16698916572513,95.69890474192137,down,7.200000000000003,22.74641612926061,81.0196241938909,down,98.21864474283115,0.0,0.0,0.0,0.0,down,Sell
88,2023-03-20T10:15:00,45.2,45.85,42.05,42.4,2658800,46.97799714250793,61.83381751026595,79.2212862645603,93.6087516147872,down,4.75,20.94677451633455,74.89516177450183,down,90.15423785931866,0.0,0.0,0.0,0.0,down,Sell
89,2023-03-20T10:20:00,42.25,43.7,41.1,42.15,1577000,45.36866476167195,59.02184358022796,76.47526505977807,91.59076135538378,down,4.75,20.94677451633455,74.89516177450183,down,90.15423785931866,0.0,0.0,0.0,0.0,down,Sell
90,2023-03-20T10:25:00,42.0,44.2,42.0,43.85,768450,44.86244317444797,56.85443735448111,74.05857875905377,89.7185746355648,down,4.75,20.94677451633455,74.89516177450183,down,90.15423785931866,0.0,0.0,0.0,0.0,down,Sell
91,2023-03-20T10:30:00,43.95,46.35,40.0,42.65,1837900,44.12496211629865,54.82523201812666,71.73201736949423,87.87274817926814,down,8.25,19.677097064701094,73.64064559705164,down,90.15423785931866,0.0,0.0,0.0,0.0,down,Sell
92,2023-03-20T10:35:00,42.65,48.1,42.25,47.85,1281350,45.36664141086577,53.828770301251424,69.96297904582799,86.30322864282626,down,8.25,19.677097064701094,73.64064559705164,down,90.15423785931866,0.0,0.0,0.0,0.0,down,Sell
93,2023-03-20T10:40:00,48.0,48.25,44.0,45.8,1106650,45.51109427391051,52.68180311535836,68.17312874613702,84.71486673526444,down,8.25,19.677097064701094,73.64064559705164,down,90.15423785931866,0.0,0.0,0.0,0.0,down,Sell
94,2023-03-20T10:45:00,45.85,48.35,44.1,47.55,871350,46.19072951594034,51.948688384592884,66.6454895797565,83.25742098094034,down,11.399999999999999,18.849387358230985,73.64064559705164,down,84.4074320348081,0.0,0.0,0.0,0.0,down,Sell
95,2023-03-20T10:50:00,47.6,51.4,47.5,50.45,1492050,47.610486343960225,51.734590043936755,65.44582368495972,81.97085545227601,down,11.399999999999999,18.849387358230985,73.64064559705164,down,84.4074320348081,0.0,0.0,0.0,0.0,down,Sell
96,2023-03-20T10:55:00,50.9,55.5,50.3,54.85,2038250,50.02365756264015,52.179648609088645,64.66094785644418,80.90729249336323,down,11.399999999999999,18.849387358230985,73.64064559705164,down,84.4074320348081,0.0,0.0,0.0,0.0,down,Sell
97,2023-03-20T11:00:00,54.75,58.5,51.05,55.2,3094400,51.7491050417601,52.611127379218836,63.96013690411498,79.89916337597644,down,10.899999999999999,18.054448622407886,73.64064559705164,down,84.4074320348081,0.0,0.0,0.0,0.0,down,Sell
98,2023-03-20T11:05:00,56.15,58.5,49.15,49.4,1907250,50.96607002784007,52.15239489647329,62.88160824455091,78.70311775338914,down,10.899999999999999,18.054448622407886,73.64064559705164,down,84.4074320348081,0.0,0.0,0.0,0.0,down,Sell
99,2023-03-20T11:10:00,49.05,52.8,47.6,52.8,1324500,51.57738001856004,52.244909911262816,62.13482244865825,77.68730921404054,down,10.899999999999999,18.054448622407886,73.64064559705164,down,84.4074320348081,0.0,0.0,0.0,0.0,down,Sell
100,2023-03-20T11:15:00,52.85,54.55,50.3,54.05,998300,52.40158667904003,52.502779923939556,61.5359467117206,76.76035591152915,down,8.549999999999997,17.1040037601671,73.64064559705164,down,78.22936556791454,0.0,0.0,0.0,0.0,down,Sell
101,2023-03-20T11:20:00,53.75,54.65,50.45,51.05,818750,51.95105778602669,52.29523993480533,60.75920991825981,75.75210666009663,down,8.549999999999997,17.1040037601671,73.64064559705164,down,78.22936556791454,0.0,0.0,0.0,0.0,down,Sell
102,2023-03-20T11:25:00,51.2,51.5,46.1,48.75,1335350,50.88403852401779,51.788777086976,59.86963881320353,74.69320051656342,down,8.549999999999997,17.1040037601671,73.64064559705164,down,78.22936556791454,0.0,0.0,0.0,0.0,down,Sell
103,2023-03-20T11:30:00,48.45,49.1,44.65,45.15,802650,48.972692349345195,50.840380360265144,58.779295197410676,73.53464363356093,down,6.399999999999999,16.03360338415039,69.95040507622559,down,78.22936556791454,0.0,0.0,0.0,0.0,down,Sell
104,2023-03-20T11:35:00,44.65,45.9,43.55,43.85,922550,47.2651282328968,49.84175459451298,57.673421479083956,72.37053996165658,down,6.399999999999999,16.03360338415039,69.95040507622559,down,78.22936556791454,0.0,0.0,0.0,0.0,down,Sell
105,2023-03-20T11:40:00,43.6,44.85,42.7,44.25,782550,46.260085488597866,49.04293250958255,56.67909396211478,71.26777368865044,down,6.399999999999999,16.03360338415039,69.95040507622559,down,78.22936556791454,0.0,0.0,0.0,0.0,down,Sell
106,2023-03-20T11:45:00,44.65,47.75,43.6,47.75,798650,46.756723659065244,48.85822786535647,56.01767959455072,70.3455080538014,down,12.100000000000001,15.640243045735351,66.91036456860303,down,72.0479247113123,0.0,0.0,0.0,0.0,down,Sell
107,2023-03-20T11:50:00,47.65,49.5,42.4,42.4,1432350,45.30448243937683,47.93562388459126,55.00896258754696,69.24960577718173,down,12.100000000000001,15.640243045735351,66.91036456860303,down,72.0479247113123,0.0,0.0,0.0,0.0,down,Sell
108,2023-03-20T11:55:00,42.3,43.2,37.4,37.65,2059500,42.752988292917884,46.46624904393536,53.72311350698793,68.01040555062558,down,12.100000000000001,15.640243045735351,66.91036456860303,down,72.0479247113123,0.0,0.0,0.0,0.0,down,Sell
109,2023-03-20T12:00:00,37.65,41.4,37.3,39.4,2254550,41.63532552861192,45.45678489480174,52.66214213609993,66.88842886236576,down,4.350000000000001,14.511218741161818,60.99182811174272,down,72.0479247113123,0.0,0.0,0.0,0.0,down,Sell
110,2023-03-20T12:05:00,39.3,39.9,37.05,37.5,1131750,40.25688368574128,44.32010133840149,51.53902049638882,65.73594145599847,down,4.350000000000001,14.511218741161818,60.99182811174272,down,72.0479247113123,0.0,0.0,0.0,0.0,down,Sell
111,2023-03-20T12:10:00,37.5,40.45,37.4,38.05,1183000,39.52125579049419,43.42437257577271,50.539833792952614,64.65021826164559,down,4.350000000000001,14.511218741161818,60.99182811174272,down,72.0479247113123,0.0,0.0,0.0,0.0,down,Sell
112,2023-03-20T12:15:00,38.0,40.7,37.8,39.6,846750,39.547503860329456,42.87803363637661,49.729475734215384,63.6678567611889,down,4.600000000000001,13.520096867045638,60.38014530056845,down,67.64824398649503,0.0,0.0,0.0,0.0,down,Sell
113,2023-03-20T12:20:00,39.5,42.4,38.85,39.75,1745200,39.61500257355297,42.431171688322806,48.99025530945869,62.72990159408345,down,4.600000000000001,13.520096867045638,60.38014530056845,down,67.64824398649503,0.0,0.0,0.0,0.0,down,Sell
114,2023-03-20T12:25:00,39.7,41.25,38.1,38.8,1421650,39.34333504903531,41.912432875705264,48.23542158283212,61.791474080589985,down,4.600000000000001,13.520096867045638,60.38014530056845,down,67.64824398649503,0.0,0.0,0.0,0.0,down,Sell
115,2023-03-20T12:30:00,38.6,40.65,38.2,39.05,1281900,39.245556699356875,41.50351389346165,47.555019984103815,60.899651567625675,down,5.900000000000006,12.758087180341073,60.13713077051161,down,67.64824398649503,0.0,0.0,0.0,0.0,down,Sell
116,2023-03-20T12:35:00,39.25,39.85,38.05,39.85,1167850,39.44703779957125,41.26729762296713,46.98427776305909,60.07417503556192,down,5.900000000000006,12.758087180341073,60.13713077051161,down,67.64824398649503,0.0,0.0,0.0,0.0,down,Sell
117,2023-03-20T12:40:00,39.7,43.95,39.0,43.45,1511600,40.7813585330475,41.57911224825754,46.7224794102399,59.422246602794786,down,5.900000000000006,12.758087180341073,60.13713077051161,down,67.64824398649503,0.0,0.0,0.0,0.0,down,Sell
118,2023-03-20T12:45:00,43.45,43.75,40.8,42.0,1033400,41.187572355365,41.63923906993503,46.3726661205925,58.73902124582244,down,7.600000000000001,12.242278462306967,58.31341769346045,down,63.29466798857272,0.0,0.0,0.0,0.0,down,Sell
119,2023-03-20T12:50:00,41.75,41.9,38.25,38.55,1146450,40.308381570243334,41.19791920280145,45.79320937091898,57.947294922456855,down,7.600000000000001,12.242278462306967,58.31341769346045,down,63.29466798857272,0.0,0.0,0.0,0.0,down,Sell
120,2023-03-20T12:55:00,38.85,39.3,36.15,37.6,1568300,39.40558771349556,40.68393074525839,45.18630497307313,57.149361788242864,down,7.600000000000001,12.242278462306967,58.31341769346045,down,63.29466798857272,0.0,0.0,0.0,0.0,down,Sell
121,2023-03-20T13:00:00,37.55,37.95,34.85,36.4,1501500,38.40372514233037,40.0719406387929,44.535467567660305,56.33566132595883,down,5.149999999999999,11.53305061607627,54.724575924114404,down,63.29466798857272,0.0,0.0,0.0,0.0,down,Sell
122,2023-03-20T13:05:00,36.45,38.25,36.45,37.85,1066400,38.21915009488691,39.75452054753677,44.04024774783362,55.61073343082319,down,5.149999999999999,11.53305061607627,54.724575924114404,down,63.29466798857272,0.0,0.0,0.0,0.0,down,Sell
123,2023-03-20T13:10:00,38.0,40.0,36.8,39.35,1126000,38.59610006325794,39.69673189788866,43.692821988734835,54.97305761000659,down,5.149999999999999,11.53305061607627,54.724575924114404,down,63.29466798857272,0.0,0.0,0.0,0.0,down,Sell
124,2023-03-20T13:15:00,39.2,39.7,37.25,37.8,891600,38.3307333755053,39.42577019819028,43.25631665623596,54.29960437039849,down,5.699999999999996,10.949745554468644,54.724575924114404,down,59.33394983648461,0.0,0.0,0.0,0.0,down,Sell
125,2023-03-20T13:20:00,37.65,40.75,36.85,40.25,907200,38.97048891700353,39.54351731273452,43.03362653355182,53.74863949312796,down,5.699999999999996,10.949745554468644,54.724575924114404,down,59.33394983648461,0.0,0.0,0.0,0.0,down,Sell
126,2023-03-20T13:25:00,40.25,42.55,39.35,42.0,1328750,39.98032594466902,39.89444341091531,42.957061605140574,53.28790853261314,,5.699999999999996,10.949745554468644,54.724575924114404,down,59.33394983648461,0.0,0.0,0.0,0.0,down,
127,2023-03-20T13:30:00,42.75,45.7,41.8,44.9,1995550,41.620217296446015,40.60952292364169,43.10098296772275,52.9589709430989,,9.049999999999997,10.759770999021779,54.724575924114404,down,59.33394983648461,0.0,0.0,0.0,0.0,down,
128,2023-03-20T13:35:00,44.9,46.3,39.05,40.55,1682450,41.263478197630675,40.60101964883574,42.91202126640995,52.47234463160482,,9.049999999999997,10.759770999021779,54.724575924114404,down,59.33394983648461,0.0,0.0,0.0,0.0,down,
129,2023-03-20T13:40:00,40.2,41.3,37.25,37.55,1224000,40.02565213175378,40.16515969900206,42.51483450593514,51.88715464605169,down,9.049999999999997,10.759770999021779,54.724575924114404,down,59.33394983648461,0.0,0.0,0.0,0.0,down,Sell
130,2023-03-20T13:45:00,37.25,39.3,36.5,36.8,1182150,38.95043475450252,39.684422599144625,42.091513431421426,51.295501522677114,down,4.5,10.1337938991196,53.6506908486794,down,56.80564986164082,0.0,0.0,0.0,0.0,down,Sell
131,2023-03-20T13:50:00,36.5,39.85,36.2,38.9,1153300,38.933623169668344,39.57236222783825,41.85510502909391,50.8094034237486,down,4.5,10.1337938991196,53.6506908486794,down,56.80564986164082,0.0,0.0,0.0,0.0,down,Sell
132,2023-03-20T13:55:00,38.75,40.7,36.85,38.0,846950,38.622415446445565,39.347739052432786,41.56954169360547,50.30707387771924,down,4.5,10.1337938991196,53.6506908486794,down,56.80564986164082,0.0,0.0,0.0,0.0,down,Sell
133,2023-03-20T14:00:00,38.1,40.1,37.2,40.05,929650,39.09827696429704,39.44806204494239,41.456983049634694,49.90483568643613,down,8.149999999999999,9.935414509207641,53.6506908486794,down,56.80564986164082,0.0,0.0,0.0,0.0,down,Sell
134,2023-03-20T14:05:00,39.75,43.75,39.5,43.45,1364500,40.548851309531365,40.01976746709348,41.60461393484694,49.65170487520334,,8.149999999999999,9.935414509207641,53.6506908486794,down,56.80564986164082,0.0,0.0,0.0,0.0,down,
135,2023-03-20T14:10:00,43.65,45.35,42.3,42.9,1559800,41.332567539687574,40.4312292575087,41.70056845819161,49.38693213499929,,8.149999999999999,9.935414509207641,53.6506908486794,down,56.80564986164082,0.0,0.0,0.0,0.0,down,
136,2023-03-20T14:15:00,42.65,47.25,38.6,43.5,1967800,42.05504502645838,40.8696250778646,41.83385968351075,49.15607205127383,,13.25,10.266873058286876,53.6506908486794,down,55.39708834446532,0.0,0.0,0.0,0.0,down,
137,2023-03-20T14:20:00,44.05,48.7,43.75,48.4,1773250,44.17003001763892,41.945392923883944,42.32024044769514,49.12642216691015,,13.25,10.266873058286876,53.6506908486794,down,55.39708834446532,0.0,0.0,0.0,0.0,down,
138,2023-03-20T14:25:00,48.7,51.85,48.25,51.0,2527800,46.44668667842595,43.23890822047195,42.963185599717725,49.19989580742348,,13.25,10.266873058286876,53.6506908486794,down,55.39708834446532,0.0,0.0,0.0,0.0,down,
139,2023-03-20T14:30:00,51.5,54.8,51.25,53.05,3086000,48.64779111895063,44.64049276040453,43.71035703677567,49.35088028556373,,9.199999999999996,10.160185752458188,53.6506908486794,down,55.39708834446532,0.0,0.0,0.0,0.0,down,
140,2023-03-20T14:35:00,53.5,54.8,49.2,51.2,2395750,49.498527412633756,45.577565223203884,44.265145404421915,49.423394784169076,,9.199999999999996,10.160185752458188,53.6506908486794,down,55.39708834446532,0.0,0.0,0.0,0.0,down,
141,2023-03-20T14:40:00,51.05,52.15,45.6,47.65,1620750,48.8823516084225,45.873627334174756,44.515875374464734,49.35384989067225,,9.199999999999996,10.160185752458188,53.6506908486794,down,55.39708834446532,0.0,0.0,0.0,0.0,down,
142,2023-03-20T14:45:00,47.8,53.9,47.6,48.15,1572100,48.638234405615,46.198823429292645,44.78506979117105,49.30664009103805,,9.600000000000001,10.104167177212371,53.6506908486794,down,56.52830552223988,0.0,0.0,0.0,0.0,down,
143,2023-03-20T14:50:00,48.3,52.8,48.05,49.8,1184900,49.02548960374333,46.71327722510798,45.156546102936154,49.325987538448324,,9.600000000000001,10.104167177212371,53.6506908486794,down,56.52830552223988,0.0,0.0,0.0,0.0,down,
144,2023-03-20T14:55:00,50.0,51.5,44.3,51.25,1624100,49.76699306916222,47.36138047866398,45.607913058274214,49.40143900752878,,9.600000000000001,10.104167177212371,53.6506908486794,down,56.52830552223988,0.0,0.0,0.0,0.0,down,
145,2023-03-20T15:00:00,51.3,58.0,49.35,57.35,4203850,52.294662046108144,48.788326124569124,46.477697276179825,49.71314728174334,,18.65,10.958750459491135,42.2368743107633,up,56.52830552223988,0.0,0.0,0.0,0.0,down,
146,2023-03-20T15:05:00,57.4,63.55,55.65,61.95,4391550,55.51310803073876,50.66856524963068,47.62379377424058,50.19302385892988,,18.65,10.958750459491135,42.2368743107633,up,56.52830552223988,0.0,0.0,0.0,0.0,down,
147,2023-03-20T15:10:00,62.7,68.0,61.45,62.75,3475300,57.925405353825845,52.39448449968344,48.744253494667205,50.68545429583459,,18.65,10.958750459491135,42.2368743107633,up,56.52830552223988,0.0,0.0,0.0,0.0,down,
148,2023-03-20T15:15:00,62.9,67.55,62.9,67.4,2485900,61.08360356921723,54.538129571157235,50.126160643210376,51.3409266763901,,6.349999999999994,10.497875413542022,50.253186879686965,up,58.44702774958759,81.51730769230768,-23.07027994272009,-4.614055988544019,-18.456223954176075,down,
149,2023-03-20T15:20:00,67.55,67.85,65.1,66.6,2383650,62.92240237947815,56.26125391813477,51.346445040009606,51.939321708688524,,6.349999999999994,10.497875413542022,50.253186879686965,up,58.44702774958759,81.51730769230768,-23.07027994272009,-4.614055988544019,-18.456223954176075,down,
150,2023-03-20T15:25:00,66.85,69.1,66.0,68.0,3022400,64.6149349196521,57.93821764411552,52.580041703712595,52.569152229916426,up,6.349999999999994,10.497875413542022,50.253186879686965,up,58.44702774958759,81.51730769230768,-23.07027994272009,-4.614055988544019,-18.456223954176075,down,
151,2023-03-20T15:30:00,69.0,69.0,69.0,69.0,1750,66.07662327976807,59.51847226638473,53.796334910845,53.21349920129225,up,1.0,9.54808787218782,54.677868191718275,up,58.44702774958759,81.51730769230768,-23.07027994272009,-4.614055988544019,-18.456223954176075,down,
152,2023-03-21T09:15:00,85.5,89.85,74.9,80.55,7446600,70.90108218651204,62.52297622832977,55.77808788041204,54.28551884045726,up,25.700000000000003,11.163279084969037,66.75508137254644,up,61.06286963426643,81.06787749287749,-20.00500785861106,-7.6922463625574276,-12.312761496053632,down,
153,2023-03-21T09:20:00,81.4,82.75,72.3,81.05,3547400,74.28405479100803,65.16969390999694,57.650081370751884,55.33510633690992,up,25.700000000000003,11.163279084969037,66.75508137254644,up,61.06286963426643,81.06787749287749,-20.00500785861106,-7.6922463625574276,-12.312761496053632,down,
154,2023-03-21T09:25:00,81.7,94.7,76.75,94.7,5876250,81.08936986067202,69.38830906571167,60.39451978773322,56.878827657031096,up,25.700000000000003,11.163279084969037,66.75508137254644,up,61.06286963426643,81.06787749287749,-20.00500785861106,-7.6922463625574276,-12.312761496053632,down,
155,2023-03-21T09:30:00,95.35,95.35,85.5,86.4,4588250,82.85957990711468,71.81855062775286,62.32085165530854,58.0365206900887,up,23.849999999999994,12.431951176472134,66.75508137254644,up,61.06286963426643,81.06787749287749,-20.00500785861106,-7.6922463625574276,-12.312761496053632,down,
156,2023-03-21T09:35:00,86.75,87.8,72.0,76.2,4875700,80.63971993807645,72.44447196664531,63.348936717878274,58.74881399635973,up,23.849999999999994,12.431951176472134,66.75508137254644,up,61.06286963426643,81.06787749287749,-20.00500785861106,-7.6922463625574276,-12.312761496053632,down,
157,2023-03-21T09:40:00,75.9,78.6,71.5,75.45,2367050,78.90981329205097,72.87383311426741,64.24531177581322,59.40376246709072,up,23.849999999999994,12.431951176472134,66.75508137254644,up,61.06286963426643,81.06787749287749,-20.00500785861106,-7.6922463625574276,-12.312761496053632,down,
158,2023-03-21T09:45:00,74.95,81.95,66.75,66.95,3561300,74.92320886136731,72.02757124080064,64.4456590516789,59.69969335073422,up,15.700000000000003,12.758756058824922,66.75508137254644,up,64.53012045976389,81.25544212303471,-16.72532166327082,-9.498861422700106,-7.226460240570713,down,
159,2023-03-21T09:50:00,66.65,73.8,66.6,67.5,2841000,72.4488059075782,71.38077534925769,64.67190652933232,60.0055877291368,up,15.700000000000003,12.758756058824922,66.75508137254644,up,64.53012045976389,81.25544212303471,-16.72532166327082,-9.498861422700106,-7.226460240570713,down,
160,2023-03-21T09:55:00,67.05,74.75,66.25,74.3,2195100,73.06587060505214,71.79780744222087,65.38509863827066,60.56615291622948,up,15.700000000000003,12.758756058824922,66.75508137254644,up,64.53012045976389,81.25544212303471,-16.72532166327082,-9.498861422700106,-7.226460240570713,down,
161,2023-03-21T10:00:00,75.2,82.2,71.6,79.6,3430000,75.24391373670143,72.91240637904646,66.43805429469506,61.31257829206361,up,13.75,12.85788045294243,66.75508137254644,up,64.53012045976389,81.25544212303471,-16.72532166327082,-9.498861422700106,-7.226460240570713,down,
162,2023-03-21T10:05:00,79.6,82.15,75.3,77.85,2596350,76.11260915780095,73.61777689632554,67.28338360619914,61.961104633551315,up,13.75,12.85788045294243,66.75508137254644,up,64.53012045976389,81.25544212303471,-16.72532166327082,-9.498861422700106,-7.226460240570713,down,
163,2023-03-21T10:10:00,78.8,85.35,77.0,83.6,2867900,78.60840610520063,75.04380876827904,68.4920218575918,62.80968876556891,up,13.75,12.85788045294243,66.75508137254644,up,64.53012045976389,81.25544212303471,-16.72532166327082,-9.498861422700106,-7.226460240570713,down,
164,2023-03-21T10:15:00,83.95,88.0,81.35,87.45,2793500,81.55560407013375,76.81612180138202,69.89631653480721,63.77597548064464,up,13.550000000000011,12.927092407648189,68.73436138852772,up,67.971640389031,81.67355752132843,-13.701917132297439,-10.339472564619573,-3.3624445676778656,down,
165,2023-03-21T10:20:00,87.5,93.6,82.45,85.55,4189950,82.88706938008917,78.06381868689888,71.05584864334001,64.62985879512917,up,13.550000000000011,12.927092407648189,68.73436138852772,up,67.971640389031,81.67355752132843,-13.701917132297439,-10.339472564619573,-3.3624445676778656,down,
166,2023-03-21T10:25:00,85.15,94.9,84.25,91.1,3279750,85.62471292005945,79.92613030305618,72.54060059568519,65.66790354826135,up,13.550000000000011,12.927092407648189,68.73436138852772,up,67.971640389031,81.67355752132843,-13.701917132297439,-10.339472564619573,-3.3624445676778656,down,
167,2023-03-21T10:30:00,91.3,91.7,80.2,80.25,2985900,83.8331419467063,79.97239740261959,73.11166721822703,66.23975046793737,up,11.650000000000006,12.799383166883372,68.73436138852772,up,67.971640389031,81.67355752132843,-13.701917132297439,-10.339472564619573,-3.3624445676778656,down,
168,2023-03-21T10:35:00,80.3,87.6,80.05,87.0,1959200,84.88876129780421,80.9763406308168,74.14043260946947,67.05387790056727,up,11.650000000000006,12.799383166883372,68.73436138852772,up,67.971640389031,81.67355752132843,-13.701917132297439,-10.339472564619573,-3.3624445676778656,down,
169,2023-03-21T10:40:00,86.8,89.1,83.5,86.9,1469350,85.55917419853614,81.82257768355726,75.08558574950877,67.83215719858424,up,11.650000000000006,12.799383166883372,68.73436138852772,up,67.971640389031,81.67355752132843,-13.701917132297439,-10.339472564619573,-3.3624445676778656,down,
170,2023-03-21T10:45:00,86.75,90.3,84.7,88.8,1887750,86.63944946569076,82.81935230019194,76.10146828658219,68.6544255437378,up,8.899999999999991,12.409444850195033,68.73436138852772,up,70.25292648302623,81.75699770493372,-11.504071221907495,-10.572392296077158,-0.9316789258303366,down,
171,2023-03-21T10:50:00,88.9,89.0,82.6,88.35,1484100,87.20963297712717,83.60944482873595,77.00876693202055,69.42680101261082,up,8.899999999999991,12.409444850195033,68.73436138852772,up,70.25292648302623,81.75699770493372,-11.504071221907495,-10.572392296077158,-0.9316789258303366,down,
172,2023-03-21T10:55:00,88.3,88.35,81.4,82.1,1486700,85.50642198475144,83.39380985320224,77.38589530742644,69.92378920819472,up,8.899999999999991,12.409444850195033,68.73436138852772,up,70.25292648302623,81.75699770493372,-11.504071221907495,-10.572392296077158,-0.9316789258303366,down,
173,2023-03-21T11:00:00,82.0,82.4,74.0,77.9,2871350,82.9709479898343,82.60897987417336,77.42397713650597,70.23658178826551,up,10.299999999999997,12.19850036517553,68.73436138852772,up,70.25292648302623,81.75699770493372,-11.504071221907495,-10.572392296077158,-0.9316789258303366,down,
174,2023-03-21T11:05:00,78.2,84.1,76.4,82.15,1980900,82.69729865988954,82.54341132072003,77.7740529041722,70.70377465931392,up,10.299999999999997,12.19850036517553,68.73436138852772,up,70.25292648302623,81.75699770493372,-11.504071221907495,-10.572392296077158,-0.9316789258303366,down,
175,2023-03-21T11:10:00,81.8,84.3,77.5,82.8,1650800,82.73153243992635,82.58006684633145,78.14634528164092,71.17813643738005,up,10.299999999999997,12.19850036517553,68.73436138852772,up,70.25292648302623,81.75699770493372,-11.504071221907495,-10.572392296077158,-0.9316789258303366,down,
176,2023-03-21T11:15:00,82.9,89.4,81.1,87.5,2467250,84.32102162661756,83.28291443971267,78.83920859411197,71.81820951826711,up,10.299999999999997,12.008650328657977,68.73436138852772,up,71.55247625486835,81.5305534304942,-9.978077175625842,-10.453529271986895,0.4754520963610531,up,Buy
177,2023-03-21T11:20:00,87.45,90.6,85.4,86.05,2153300,84.89734775107837,83.67821237689657,79.37334129084441,72.3763189489233,up,10.299999999999997,12.008650328657977,68.73436138852772,up,71.55247625486835,81.5305534304942,-9.978077175625842,-10.453529271986895,0.4754520963610531,up,Buy
178,2023-03-21T11:25:00,86.0,86.15,80.3,82.5,2035100,84.09823183405224,83.5098963230542,79.60494563967075,72.77332604896552,up,10.299999999999997,12.008650328657977,68.73436138852772,up,71.55247625486835,81.5305534304942,-9.978077175625842,-10.453529271986895,0.4754520963610531,up,Buy
179,2023-03-21T11:30:00,82.6,87.2,79.35,80.1,1788250,82.76548788936816,83.0227682769036,79.64161633302847,73.06064659606491,,10.799999999999997,11.88778529579218,68.73436138852772,up,71.55247625486835,81.5305534304942,-9.978077175625842,-10.453529271986895,0.4754520963610531,up,
180,2023-03-21T11:35:00,80.1,82.95,76.4,79.4,1690000,81.6436585929121,82.50522995163166,79.6237188268782,73.30924869033687,,10.799999999999997,11.88778529579218,68.73436138852772,up,71.55247625486835,81.5305534304942,-9.978077175625842,-10.453529271986895,0.4754520963610531,up,
181,2023-03-21T11:40:00,79.15,80.5,76.8,78.7,1284700,80.6624390619414,81.96162567282714,79.55529521007242,73.52065070248052,,10.799999999999997,11.88778529579218,68.73436138852772,up,71.55247625486835,81.5305534304942,-9.978077175625842,-10.453529271986895,0.4754520963610531,up,
182,2023-03-21T11:45:00,78.75,79.35,74.2,78.2,1777650,79.84162604129426,81.42425057670897,79.45490297228928,73.7041545965009,,12.849999999999994,11.984006766212962,68.73436138852772,up,71.11363375411938,80.5801420652724,-9.46650831115302,-10.25612507982012,0.7896167686670985,up,
183,2023-03-21T11:50:00,78.4,78.8,71.1,72.3,1562450,77.32775069419617,80.12078620860768,78.9249101595271,73.64908971036361,,12.849999999999994,11.984006766212962,68.73436138852772,up,71.11363375411938,80.5801420652724,-9.46650831115302,-10.25612507982012,0.7896167686670985,up,
184,2023-03-21T11:55:00,71.5,72.4,66.5,69.2,2581500,74.61850046279744,78.5606738930923,78.20454644400658,73.47461560407484,,12.849999999999994,11.984006766212962,68.73436138852772,up,71.11363375411938,80.5801420652724,-9.46650831115302,-10.25612507982012,0.7896167686670985,up,
185,2023-03-21T12:00:00,68.25,71.65,67.45,70.6,1597850,73.27900030853162,77.42343476550768,77.6412467074135,73.36188558038563,,5.900000000000006,11.375606089591667,87.3134091343875,down,71.11363375411938,80.5801420652724,-9.46650831115302,-10.25612507982012,0.7896167686670985,up,
186,2023-03-21T12:05:00,70.45,73.1,67.3,72.8,1541600,73.11933353902108,76.76294408472087,77.28263584019768,73.33985085174305,,5.900000000000006,11.375606089591667,87.3134091343875,down,71.11363375411938,80.5801420652724,-9.46650831115302,-10.25612507982012,0.7896167686670985,up,
187,2023-03-21T12:10:00,72.5,73.2,68.0,68.7,1634150,71.64622235934739,75.61109492976075,76.64688503722007,73.15789591638058,,5.900000000000006,11.375606089591667,87.3134091343875,down,71.11363375411938,80.5801420652724,-9.46650831115302,-10.25612507982012,0.7896167686670985,up,
188,2023-03-21T12:15:00,68.25,71.9,67.45,71.7,942900,71.66414823956492,75.05236708265207,76.2804491085371,73.10072352750291,,10.349999999999994,11.2730454806325,87.3134091343875,down,71.93461317656255,80.27420561599297,-8.339592439430419,-9.87281855174218,1.5332261123117608,up,
189,2023-03-21T12:20:00,71.35,75.95,71.1,74.1,2251450,72.47609882637661,74.9163146422732,76.11893435975657,73.13991084014985,,10.349999999999994,11.2730454806325,87.3134091343875,down,71.93461317656255,80.27420561599297,-8.339592439430419,-9.87281855174218,1.5332261123117608,up,
190,2023-03-21T12:25:00,73.8,77.8,73.8,77.1,1918350,74.01739921758441,75.22826969337703,76.19160588866349,73.29520845426163,,10.349999999999994,11.2730454806325,87.3134091343875,down,71.93461317656255,80.27420561599297,-8.339592439430419,-9.87281855174218,1.5332261123117608,up,
191,2023-03-21T12:30:00,77.65,81.45,76.5,76.5,2637450,74.84493281172294,75.40994545146603,76.21444989691064,73.42088655409451,,9.900000000000006,11.13574093256925,87.3134091343875,down,71.93461317656255,80.27420561599297,-8.339592439430419,-9.87281855174218,1.5332261123117608,up,
192,2023-03-21T12:35:00,76.6,76.75,71.55,73.45,2104900,74.3799552078153,75.12995324411374,76.00967583047282,73.4220282578555,,9.900000000000006,11.13574093256925,87.3134091343875,down,71.93461317656255,80.27420561599297,-8.339592439430419,-9.87281855174218,1.5332261123117608,up,
193,2023-03-21T12:40:00,73.15,77.3,72.9,76.45,1067300,75.06997013854354,75.3185313520975,76.04229243562298,73.54077224774352,,9.900000000000006,11.13574093256925,87.3134091343875,down,71.93461317656255,80.27420561599297,-8.339592439430419,-9.87281855174218,1.5332261123117608,up,
194,2023-03-21T12:45:00,76.15,84.95,76.1,83.7,3468750,77.94664675902902,76.51588401608356,76.60953003298424,73.9391733360673,,15.550000000000011,11.577166839312326,66.50924974103151,up,75.89851884170677,81.5650051999935,-5.666486358286718,-9.031552113051088,3.3650657547643696,up,
195,2023-03-21T12:50:00,83.8,86.5,82.25,85.35,2879600,80.41443117268601,77.77790058521448,77.25697225276318,74.38665673465289,up,15.550000000000011,11.577166839312326,66.50924974103151,up,75.89851884170677,81.5650051999935,-5.666486358286718,-9.031552113051088,3.3650657547643696,up,Buy
196,2023-03-21T12:55:00,84.85,91.65,83.95,91.05,3170600,83.95962078179068,79.6739147873267,78.27867801181776,75.0401211764312,up,15.550000000000011,11.577166839312326,66.50924974103151,up,75.89851884170677,81.5650051999935,-5.666486358286718,-9.031552113051088,3.3650657547643696,up,Buy
197,2023-03-21T13:00:00,91.55,99.7,91.15,95.2,5939050,87.70641385452711,81.89192696056574,79.53210927020163,75.8307046597084,up,8.650000000000006,11.284450155381094,78.49832476692836,up,75.89851884170677,81.5650051999935,-5.666486358286718,-9.031552113051088,3.3650657547643696,up,Buy
198,2023-03-21T13:05:00,94.1,97.85,93.2,97.85,2464050,91.08760923635141,84.17165168048491,80.88899006500151,76.69420643775905,up,8.650000000000006,11.284450155381094,78.49832476692836,up,75.89851884170677,81.5650051999935,-5.666486358286718,-9.031552113051088,3.3650657547643696,up,Buy
199,2023-03-21T13:10:00,97.8,99.25,95.8,97.7,2909150,93.29173949090094,86.10427286898707,82.13425006018659,77.51796304804301,up,8.650000000000006,11.284450155381094,78.49832476692836,up,75.89851884170677,81.5650051999935,-5.666486358286718,-9.031552113051088,3.3650657547643696,up,Buy
200,2023-03-21T13:15:00,97.4,104.65,91.7,96.85,4832650,94.4778263272673,87.63937674484606,83.22430561128388,78.27608214419818,up,19.35000000000001,12.091005139842986,78.49832476692836,up,77.37566978913651,81.85648629629027,-4.480816507153762,-8.121404991871623,3.6405884847178616,up,Buy
201,2023-03-21T13:20:00,96.0,99.45,93.0,94.65,1753500,94.53521755151154,88.6408943527252,84.07065334378137,78.9181965699159,up,19.35000000000001,12.091005139842986,78.49832476692836,up,77.37566978913651,81.85648629629027,-4.480816507153762,-8.121404991871623,3.6405884847178616,up,Buy
202,2023-03-21T13:25:00,93.95,93.95,85.3,85.3,2701400,91.4568117010077,88.16362373090732,84.16171605905683,79.16846337109567,up,19.35000000000001,12.091005139842986,78.49832476692836,up,77.37566978913651,81.85648629629027,-4.480816507153762,-8.121404991871623,3.6405884847178616,up,Buy
203,2023-03-21T13:30:00,86.25,87.6,80.35,84.6,3269200,89.1712078006718,87.65453462649198,84.19418153616373,79.38146480752329,up,8.300000000000011,11.71190462585869,78.49832476692836,up,77.37566978913651,81.85648629629027,-4.480816507153762,-8.121404991871623,3.6405884847178616,up,Buy
204,2023-03-21T13:35:00,83.7,88.65,82.25,82.25,2244750,86.8641385337812,86.88245825127883,84.05016808904048,79.49395638369884,,8.300000000000011,11.71190462585869,78.49832476692836,up,77.37566978913651,81.85648629629027,-4.480816507153762,-8.121404991871623,3.6405884847178616,up,
205,2023-03-21T13:40:00,81.65,86.85,81.1,85.5,1586500,86.40942568918747,86.68496421538185,84.15756304540785,79.72948750590673,,8.300000000000011,11.71190462585869,78.49832476692836,up,77.37566978913651,81.85648629629027,-4.480816507153762,-8.121404991871623,3.6405884847178616,up,
206,2023-03-21T13:45:00,85.55,98.4,85.55,97.2,4184750,90.00628379279165,88.18711218461301,85.12366948648875,80.41460564293,up,18.650000000000006,12.40571416327282,78.49832476692836,up,79.41787443696167,82.50785768175025,-3.089983244788584,-7.1151206424550155,4.025137397666431,up,Buy
207,2023-03-21T13:50:00,96.75,103.0,95.35,98.8,3890650,92.93752252852777,89.70323901538258,86.1367310060081,81.13560150007,up,18.650000000000006,12.40571416327282,78.49832476692836,up,79.41787443696167,82.50785768175025,-3.089983244788584,-7.1151206424550155,4.025137397666431,up,Buy
208,2023-03-21T13:55:00,98.25,104.15,97.05,103.6,2836300,96.49168168568518,91.68849058461363,87.43030648704455,82.01655830398882,up,18.650000000000006,12.40571416327282,78.49832476692836,up,79.41787443696167,82.50785768175025,-3.089983244788584,-7.1151206424550155,4.025137397666431,up,Buy
209,2023-03-21T14:00:00,103.25,108.0,96.1,99.6,4128100,97.52778779045678,92.81870621538312,88.33176526578198,82.70610503716573,up,22.599999999999994,13.42514274694554,78.49832476692836,up,79.41787443696167,82.50785768175025,-3.089983244788584,-7.1151206424550155,4.025137397666431,up,Buy
210,2023-03-21T14:05:00,99.15,100.5,88.95,91.6,2872250,95.55185852697119,92.64460532747124,88.57385672757592,83.05488523178668,up,22.599999999999994,13.42514274694554,78.49832476692836,up,79.41787443696167,82.50785768175025,-3.089983244788584,-7.1151206424550155,4.025137397666431,up,Buy
211,2023-03-21T14:10:00,90.85,92.25,85.4,90.65,2049350,93.91790568464747,92.35966170926106,88.72764511812585,83.35273286975584,up,22.599999999999994,13.42514274694554,78.49832476692836,up,79.41787443696167,82.50785768175025,-3.089983244788584,-7.1151206424550155,4.025137397666431,up,Buy
212,2023-03-21T14:15:00,90.7,101.65,90.2,101.35,3419850,96.39527045643165,93.6439957507952,89.66263436863504,84.05850805133404,up,13.649999999999991,13.447628472250987,78.49832476692836,up,83.29204760050604,84.14431266828727,-0.8522650677812322,-5.862549527520259,5.010284459739027,up,Buy
213,2023-03-21T14:20:00,100.9,103.85,99.25,100.55,3283600,97.78018030428777,94.63056778639589,90.4691058968843,84.70523322579153,up,13.649999999999991,13.447628472250987,78.49832476692836,up,83.29204760050604,84.14431266828727,-0.8522650677812322,-5.862549527520259,5.010284459739027,up,Buy
214,2023-03-21T14:25:00,99.6,99.95,90.85,94.55,2652000,96.70345353619184,94.61905810262505,90.77139434896695,85.09130251105461,up,13.649999999999991,13.447628472250987,78.49832476692836,up,83.29204760050604,84.14431266828727,-0.8522650677812322,-5.862549527520259,5.010284459739027,up,Buy
215,2023-03-21T14:30:00,94.05,99.75,93.05,94.95,1748250,96.11896902412789,94.66633551653575,91.08092069348791,85.47791809885639,up,14.050000000000011,13.50786562502589,78.86320156246117,up,83.29204760050604,84.14431266828727,-0.8522650677812322,-5.862549527520259,5.010284459739027,up,Buy
216,2023-03-21T14:35:00,94.35,104.45,92.1,100.9,3352300,97.71264601608526,95.5568590141735,91.8082599013777,86.08270562439144,up,14.050000000000011,13.50786562502589,78.86320156246117,up,83.29204760050604,84.14431266828727,-0.8522650677812322,-5.862549527520259,5.010284459739027,up,Buy
217,2023-03-21T14:40:00,100.95,106.15,100.5,104.6,3380700,100.00843067739017,96.848736297863,92.75579620497935,86.80887403127805,up,14.050000000000011,13.50786562502589,78.86320156246117,up,83.29204760050604,84.14431266828727,-0.8522650677812322,-5.862549527520259,5.010284459739027,up,Buy
218,2023-03-21T14:45:00,103.8,106.95,100.45,104.75,3238300,101.58895378492677,97.97748825531114,93.64425574535124,87.51244759867892,up,10.5,13.207079062523302,84.93938140621505,up,85.23942489273588,85.01880802619192,0.2206168665439634,-4.645916248707414,4.866533115251378,up,Buy
219,2023-03-21T14:50:00,104.8,110.0,103.0,105.2,3134550,102.79263585661785,99.00927564740955,94.50023680125115,88.20607710461307,up,10.5,13.207079062523302,84.93938140621505,up,85.23942489273588,85.01880802619192,0.2206168665439634,-4.645916248707414,4.866533115251378,up,Buy
220,2023-03-21T14:55:00,104.2,107.25,99.5,105.2,2410800,103.59509057107857,99.89366484063676,95.29281185301032,88.87250545345178,up,10.5,13.207079062523302,84.93938140621505,up,85.23942489273588,85.01880802619192,0.2206168665439634,-4.645916248707414,4.866533115251378,up,Buy
221,2023-03-21T15:00:00,105.05,105.5,92.25,95.6,3379900,100.93006038071904,99.28028414911722,95.3155665305651,89.13632876900269,up,13.25,13.211371156270971,84.93938140621505,up,85.23942489273588,85.01880802619192,0.2206168665439634,-4.645916248707414,4.866533115251378,up,Buy
222,2023-03-21T15:05:00,95.0,103.95,95.0,103.45,2627800,101.7700402538127,99.87595784210048,95.91811715793065,89.69764920943396,up,13.25,13.211371156270971,84.93938140621505,up,85.23942489273588,85.01880802619192,0.2206168665439634,-4.645916248707414,4.866533115251378,up,Buy
223,2023-03-21T15:10:00,102.3,105.3,95.05,95.95,2523900,99.83002683587513,99.3151067218004,95.92047884993579,89.94283943651499,up,13.25,13.211371156270971,84.93938140621505,up,85.23942489273588,85.01880802619192,0.2206168665439634,-4.645916248707414,4.866533115251378,up,Buy
224,2023-03-21T15:15:00,95.0,101.0,93.8,94.3,2320900,97.98668455725009,98.59866290440034,95.80044337957018,90.11370847822027,,10.0,12.890234040643874,84.93938140621505,up,86.89489798616114,85.83222965388141,1.0626683322797277,-3.504199332509986,4.566867664789713,up,
225,2023-03-21T15:20:00,93.95,96.0,91.0,95.0,2190900,96.99112303816672,98.08456820377172,95.7411512773798,90.30532775358418,,10.0,12.890234040643874,84.93938140621505,up,86.89489798616114,85.83222965388141,1.0626683322797277,-3.504199332509986,4.566867664789713,up,
226,2023-03-21T15:25:00,94.75,101.0,94.4,97.05,2623400,97.01074869211115,97.93677274609004,95.83810303461092,90.56982470442402,,10.0,12.890234040643874,84.93938140621505,up,86.89489798616114,85.83222965388141,1.0626683322797277,-3.504199332509986,4.566867664789713,up,
227,2023-03-21T15:30:00,96.0,96.0,96.0,96.0,1500,96.67383246140743,97.66009092522003,95.85009540241752,90.78277275523092,,1.0499999999999972,11.706210636579486,84.93938140621505,up,86.89489798616114,85.83222965388141,1.0626683322797277,-3.504199332509986,4.566867664789713,up,
228,2023-03-22T09:15:00,117.35,141.6,105.0,139.3,6521800,110.88255497427163,103.60864936447432,99.0686068540903,92.68540911777089,up,45.599999999999994,15.095589572921536,100.6566156406177,up,91.88799060367481,88.3150274572976,3.572963146377205,-2.088766836732548,5.661729983109753,up,Buy
229,2023-03-22T09:20:00,139.9,139.9,123.75,126.6,3416950,116.12170331618108,106.89312802669227,101.10796930934288,94.01539307393674,up,45.599999999999994,15.095589572921536,100.6566156406177,up,91.88799060367481,88.3150274572976,3.572963146377205,-2.088766836732548,5.661729983109753,up,Buy
230,2023-03-22T09:25:00,127.1,135.7,118.0,120.85,2480800,117.69780221078739,108.88696688002194,102.57034195309525,95.06773060044902,up,45.599999999999994,15.095589572921536,100.6566156406177,up,91.88799060367481,88.3150274572976,3.572963146377205,-2.088766836732548,5.661729983109753,up,Buy
231,2023-03-22T09:30:00,120.6,121.9,104.0,108.15,3118100,114.51520147385826,108.78168589716167,102.98364995656968,95.58076077298044,up,25.0,16.086030615629383,100.6566156406177,up,91.88799060367481,88.3150274572976,3.572963146377205,-2.088766836732548,5.661729983109753,up,Buy
232,2023-03-22T09:35:00,107.3,110.35,99.3,109.8,2921600,112.94346764923884,108.92715934042428,103.48856477460156,96.13837799756945,up,25.0,16.086030615629383,100.6566156406177,up,91.88799060367481,88.3150274572976,3.572963146377205,-2.088766836732548,5.661729983109753,up,Buy
233,2023-03-22T09:40:00,110.9,124.3,109.45,119.35,3586300,115.07897843282589,110.41613657750652,104.66348590240885,97.04863768393928,up,25.0,16.086030615629383,100.6566156406177,up,91.88799060367481,88.3150274572976,3.572963146377205,-2.088766836732548,5.661729983109753,up,Buy
234,2023-03-22T09:45:00,119.4,122.3,110.25,121.65,2042400,117.26931895521726,112.02097420929131,105.92174620593413,98.01339699045147,up,16.10000000000001,16.087427554066444,100.6566156406177,up,93.48983820310944,89.35095134934964,4.1388868537598,-0.8432360986340783,4.982122952393878,up,Buy
235,2023-03-22T09:50:00,123.0,123.3,112.2,115.55,1569250,116.69621263681151,112.52512075082112,106.63495019067975,98.70110691239455,up,16.10000000000001,16.087427554066444,100.6566156406177,up,93.48983820310944,89.35095134934964,4.1388868537598,-0.8432360986340783,4.982122952393878,up,Buy
236,2023-03-22T09:55:00,115.8,125.7,109.6,111.5,2336500,114.96414175787434,112.37867492927525,106.9953242506294,99.20302428837908,up,16.10000000000001,16.087427554066444,100.6566156406177,up,93.48983820310944,89.35095134934964,4.1388868537598,-0.8432360986340783,4.982122952393878,up,Buy
237,2023-03-22T10:00:00,109.8,112.65,102.6,108.75,2287550,112.89276117191623,111.86029279652165,107.12530023206425,99.57741549275637,up,14.700000000000003,15.948684798659801,100.6566156406177,up,93.48983820310944,89.35095134934964,4.1388868537598,-0.8432360986340783,4.982122952393878,up,Buy
238,2023-03-22T10:05:00,108.6,116.9,107.0,107.1,1724650,110.96184078127749,111.18025096844713,107.12342614080023,99.87241880676592,,14.700000000000003,15.948684798659801,100.6566156406177,up,93.48983820310944,89.35095134934964,4.1388868537598,-0.8432360986340783,4.982122952393878,up,
239,2023-03-22T10:10:00,107.05,110.55,102.2,102.3,1207450,108.07456052085166,109.9116436872404,106.76613531555577,99.96761806924569,,14.700000000000003,15.948684798659801,100.6566156406177,up,93.48983820310944,89.35095134934964,4.1388868537598,-0.8432360986340783,4.982122952393878,up,
240,2023-03-22T10:15:00,102.4,107.95,97.0,98.25,1746600,104.79970701390111,108.2456945890632,106.13531047736646,99.90026049790272,,11.650000000000006,15.518816318793823,100.6566156406177,up,94.09140155647722,89.94717717532374,4.144224381153478,0.15425599732343298,3.9899683838300453,up,
241,2023-03-22T10:20:00,97.55,104.5,96.75,102.5,1467750,104.0331380092674,107.42488107633989,105.86602821978376,100.00221106661242,,11.650000000000006,15.518816318793823,100.6566156406177,up,94.09140155647722,89.94717717532374,4.144224381153478,0.15425599732343298,3.9899683838300453,up,
242,2023-03-22T10:25:00,102.75,108.4,98.15,107.45,2090700,105.17209200617827,107.42846949400561,105.98335946276273,100.29428122086291,,11.650000000000006,15.518816318793823,100.6566156406177,up,94.09140155647722,89.94717717532374,4.144224381153478,0.15425599732343298,3.9899683838300453,up,
243,2023-03-22T10:30:00,107.2,108.95,99.9,102.05,1715400,104.13139467078551,106.66011670914767,105.69199950255809,100.36313293769182,,15.299999999999997,15.49693468691444,124.54540203037166,down,94.09140155647722,89.94717717532374,4.144224381153478,0.15425599732343298,3.9899683838300453,up,
244,2023-03-22T10:35:00,101.6,103.6,93.65,98.0,1897850,102.08759644719034,105.42295717926943,105.12222176162786,100.27046105778233,,15.299999999999997,15.49693468691444,124.54540203037166,down,94.09140155647722,89.94717717532374,4.144224381153478,0.15425599732343298,3.9899683838300453,up,
245,2023-03-22T10:40:00,98.1,101.25,96.4,97.4,1525850,100.52506429812689,104.2768204393738,104.55020533484061,100.15789395747714,,15.299999999999997,15.49693468691444,124.54540203037166,down,94.09140155647722,89.94717717532374,4.144224381153478,0.15425599732343298,3.9899683838300453,up,
246,2023-03-22T10:45:00,97.7,104.35,96.9,104.0,1380750,101.68337619875126,104.23727466232039,104.50944938411168,100.30856478267411,,11.300000000000011,15.077241218222996,122.3658618273345,down,94.53118593240382,90.46590479196644,4.065281140437378,0.9364610259462219,3.128820114491156,up,
247,2023-03-22T10:50:00,104.1,105.4,98.35,102.35,1239600,101.90558413250083,103.96766399627462,104.34949017047377,100.3886210657065,,11.300000000000011,15.077241218222996,122.3658618273345,down,94.53118593240382,90.46590479196644,4.065281140437378,0.9364610259462219,3.128820114491156,up,
248,2023-03-22T10:55:00,102.45,102.6,94.1,97.05,1378450,100.28705608833388,102.9794262825211,103.80878719488312,100.25769474940428,,11.300000000000011,15.077241218222996,122.3658618273345,down,94.53118593240382,90.46590479196644,4.065281140437378,0.9364610259462219,3.128820114491156,up,
249,2023-03-22T11:00:00,96.0,98.65,87.35,89.95,2699850,96.84137072555592,101.11807967073237,102.78221036563252,99.85347142589823,,12.200000000000003,14.789517096400697,114.73427564460106,down,94.53118593240382,90.46590479196644,4.065281140437378,0.9364610259462219,3.128820114491156,up,
250,2023-03-22T11:05:00,89.55,93.15,86.45,92.7,3204700,95.46091381703728,99.91549686062774,102.03537996817826,99.57294313468654,,12.200000000000003,14.789517096400697,114.73427564460106,down,94.53118593240382,90.46590479196644,4.065281140437378,0.9364610259462219,3.128820114491156,up,
251,2023-03-22T11:10:00,92.75,97.9,92.55,96.95,2368800,95.95727587802486,99.49185445196663,101.65868515572062,99.47008261960079,,12.200000000000003,14.789517096400697,114.73427564460106,down,94.53118593240382,90.46590479196644,4.065281140437378,0.9364610259462219,3.128820114491156,up,
252,2023-03-22T11:15:00,97.55,99.7,91.05,97.75,2190250,96.55485058534991,99.24301810168568,101.36915292196353,99.40262839922428,,14.549999999999997,14.765565386760628,114.73427564460106,down,96.51100348126477,91.72028221478374,4.790721266481029,1.7073130740531832,3.0834081924278456,up,
253,2023-03-22T11:20:00,97.65,98.25,92.5,98.25,1471300,97.11990039023327,99.10115837287344,101.13810455737364,99.35742728552921,,14.549999999999997,14.765565386760628,114.73427564460106,down,96.51100348126477,91.72028221478374,4.790721266481029,1.7073130740531832,3.0834081924278456,up,
254,2023-03-22T11:25:00,98.1,105.6,98.1,105.3,3019300,99.84660026015551,99.98670717674867,101.44639310867929,99.59046935276336,,14.549999999999997,14.765565386760628,114.73427564460106,down,96.51100348126477,91.72028221478374,4.790721266481029,1.7073130740531832,3.0834081924278456,up,
255,2023-03-22T11:30:00,105.25,105.8,98.0,99.5,2081700,99.73106684010368,99.91717758007029,101.30221584136972,99.58692153500793,,13.0,14.589008848084566,114.73427564460106,down,96.51100348126477,91.72028221478374,4.790721266481029,1.7073130740531832,3.0834081924278456,up,
256,2023-03-22T11:35:00,99.7,105.4,95.35,103.7,2045850,101.05404456006912,100.45758078291739,101.47982948274974,99.7482187297135,,13.0,14.589008848084566,114.73427564460106,down,96.51100348126477,91.72028221478374,4.790721266481029,1.7073130740531832,3.0834081924278456,up,
257,2023-03-22T11:40:00,103.6,108.35,101.35,107.4,2018750,103.16936304004608,101.44935495678634,101.91836063217568,100.04828858345023,,13.0,14.589008848084566,114.73427564460106,down,96.51100348126477,91.72028221478374,4.790721266481029,1.7073130740531832,3.0834081924278456,up,
258,2023-03-22T11:45:00,107.9,110.95,102.8,104.2,2131050,103.51290869336405,101.842304248674,102.08737095571821,100.21110079586394,,8.150000000000006,13.945107963276111,114.73427564460106,down,98.12469525337788,92.8521131618368,5.272582091541082,2.420366877550763,2.852215213990319,up,
259,2023-03-22T11:50:00,104.85,108.8,104.85,106.6,638300,104.54193912890936,102.521975070292,102.42163977381315,100.4616458626928,up,8.150000000000006,13.945107963276111,114.73427564460106,down,98.12469525337788,92.8521131618368,5.272582091541082,2.420366877550763,2.852215213990319,up,
